video_id,url,title,channel_name,published_at,view_count,persons_found,total_persons
Splwm2t4zIQ,https://youtu.be/Splwm2t4zIQ,Meet Morgan Wallen's Band [2023 Billboard Music Awards],Billboard Music Awards,2023-11-20T05:30:06Z,127835,Morgan Wallen,1
8lD5cTdu6H0,https://youtu.be/8lD5cTdu6H0,Behind Mariah Carey's Performance [2023 Billboard Music Awards],Billboard Music Awards,2023-11-20T04:35:00Z,881851,Mariah Carey,1
KzJioPEKHvw,https://youtu.be/KzJioPEKHvw,Rachel Zegler's Singing Lesson | Entertainment Weekly,Entertainment Weekly,2025-03-28T16:00:21Z,181845,"Billie Eilish,Lady Gaga",2
nUC8aljHnio,https://youtu.be/nUC8aljHnio,Ryan Reynolds and Hugh Jackman Recap 'Deadpool' 1 & 2 | Entertainment Weekly,Entertainment Weekly,2024-07-02T16:00:44Z,1548902,"Hugh Jackman,Ryan Reynolds",2
KdMm-_g_JS8,https://youtu.be/KdMm-_g_JS8,"Margot Robbie, Ryan Gosling & More Reveal How Disco Inspired 'Barbie' | Around The Table",Entertainment Weekly,2023-07-10T16:09:32Z,744192,"Margot Robbie,Ryan Gosling",2
7dDtTtNoMmg,https://youtu.be/7dDtTtNoMmg,"'RuPaul's Drag Race' S17 Queens Play Kai Kai, Marry, Eliminate",Entertainment Weekly,2025-01-02T16:00:06Z,141196,Katy Perry,1
rP2okfO48Uk,https://youtu.be/rP2okfO48Uk,RuPaul‚Äôs Drag Race Season 17 Cast Reveal Steamy Hook-Up In Season Preview | Entertainment Weekly,Entertainment Weekly,2025-01-01T15:01:02Z,333905,Katy Perry,1
mSH2OBDzFs0,https://youtu.be/mSH2OBDzFs0,Idina Menzel & Kristin Chenoweth Reveal Their Favorite 'Wicked' Songs,Entertainment Weekly,2024-11-26T17:00:50Z,1394339,Ariana Grande,1
oGyNVNstwb4,https://youtu.be/oGyNVNstwb4,Ariana Grande Gets Emotional While Bonding With Her 'Wicked' Witches,Entertainment Weekly,2024-11-26T14:00:59Z,231091,Ariana Grande,1
Ag7DDIW-Yqw,https://youtu.be/Ag7DDIW-Yqw,"Ariana Grande, Cynthia Erivo, Idina Menzel & Kristin Chenoweth Talk About Their 'Wicked' Legacy",Entertainment Weekly,2024-11-25T17:00:07Z,1589994,Ariana Grande,1
T83b6IuSYL8,https://youtu.be/T83b6IuSYL8,Sebastian Stan & Jeremy Strong on Playing Donald Trump and Roy Cohn in 'The Apprentice' | EW,Entertainment Weekly,2024-10-03T16:00:26Z,131010,Donald Trump,1
PucjqkEO03o,https://youtu.be/PucjqkEO03o,Alyssa Edwards Reveals Why She RuPaulogized to Katy Perry After Snatch Game,Entertainment Weekly,2024-08-15T22:00:27Z,197746,Katy Perry,1
io4kiNc9fBQ,https://youtu.be/io4kiNc9fBQ,RuPaul's Drag Race‚Äôs Alyssa Edwards Recaps Her Most Iconic Moments | Entertainment Weekly,Entertainment Weekly,2024-08-15T17:04:29Z,491055,Katy Perry,1
UhdDDf5dZKg,https://youtu.be/UhdDDf5dZKg,'Captain America: Brave New World' Cast Panel | SDCC 2024 | Entertainment Weekly,Entertainment Weekly,2024-07-28T04:13:45Z,167491,Harrison Ford,1
j4l0UGzM5TI,https://youtu.be/j4l0UGzM5TI,Ryan Reynolds on Cleaning Up the Timeline at the End of 'Deadpool 2',Entertainment Weekly,2024-07-26T19:00:23Z,161254,Ryan Reynolds,1
7V5b1p0AGO8,https://youtu.be/7V5b1p0AGO8,Robert Downey Jr. Praises Cillian Murphy‚Äôs Performance In 'Oppenheimer' ü•π #Shorts,Entertainment Weekly,2023-07-27T16:50:07Z,165004,Robert Downey Jr.,1
jF2q-PsLVFI,https://youtu.be/jF2q-PsLVFI,The 'Oppenheimer' Cast Reveals How Christopher Nolan Gave Them Their Role | Around the Table,Entertainment Weekly,2023-07-17T20:16:30Z,2173443,Robert Downey Jr.,1
DI0FO5bhL5A,https://youtu.be/DI0FO5bhL5A,Ryan Gosling Loves America Ferrera‚Äôs Big ‚ÄòBarbie‚Äô Monologue ü•π,Entertainment Weekly,2023-07-12T21:51:45Z,173414,Ryan Gosling,1
C4eI36FYbFs,https://youtu.be/C4eI36FYbFs,Chris Evans and Ana de Armas on 'Ghosted' | Entertainment Weekly,Entertainment Weekly,2023-04-21T16:05:17Z,133434,Chris Evans,1
L-T74oKjttw,https://youtu.be/L-T74oKjttw,Around the Table with The Cast of 'The Super Mario Bros Movie' | Entertainment Weekly,Entertainment Weekly,2023-04-06T17:00:49Z,106134,Chris Pratt,1
V-7_pRnOJB8,https://youtu.be/V-7_pRnOJB8,The Best Da Bomb Reactions of 2024 | Hot Ones,First We Feast,2025-01-02T18:00:17Z,624383,"Ariana Grande,Hugh Jackman,Sabrina Carpenter",3
amZ3fANPGIE,https://youtu.be/amZ3fANPGIE,Jimmy Fallon Gets Spooked By Spicy Wings | Hot Ones,First We Feast,2024-10-31T15:00:03Z,4176727,"Bruce Springsteen,Jimmy Fallon,Selena Gomez",3
739Sv3BW4UU,https://youtu.be/739Sv3BW4UU,"Jimmy Fallon: ""This is the one that killed Selena Gomez"" üíÄ",First We Feast,2024-11-11T17:00:14Z,295927,"Jimmy Fallon,Selena Gomez",2
yM8hLvNm-es,https://youtu.be/yM8hLvNm-es,Choosing between Taylor Swift and Billie Eilish is not for the weak üòÇ,First We Feast,2024-08-29T21:00:50Z,103216,"Billie Eilish,Taylor Swift",2
igmUnkx0fBw,https://youtu.be/igmUnkx0fBw,David Beckham Embraces the Moment While Eating Spicy Wings | Hot Ones,First We Feast,2024-08-29T15:00:45Z,4792177,"David Beckham,Lionel Messi",2
pHuJfCUQYqM,https://youtu.be/pHuJfCUQYqM,Ryan Reynolds and Hugh Jackman's reactions to every wing on Hot Ones üòÇ,First We Feast,2024-07-26T18:00:34Z,3525692,"Hugh Jackman,Ryan Reynolds",2
DLEL6i0YmkY,https://youtu.be/DLEL6i0YmkY,Ryan Reynolds and Hugh Jackman Go Claws Out While Eating Spicy Wings | Hot Ones,First We Feast,2024-07-25T15:00:16Z,34290799,"Hugh Jackman,Ryan Reynolds",2
XQKLRNweRJk,https://youtu.be/XQKLRNweRJk,Get ready for Ryan Reynolds and Hugh Jackman on HOT ONES! üí™Ô∏è‚Äçüî•,First We Feast,2024-07-24T19:00:25Z,614186,"Hugh Jackman,Ryan Reynolds",2
ysIaMwbHdS8,https://youtu.be/ysIaMwbHdS8,Joey King vs. Miranda Cosgrove | Hot Ones Versus,First We Feast,2024-07-01T17:00:44Z,1318244,"Sabrina Carpenter,Taylor Swift",2
YwXPD7AInb0,https://youtu.be/YwXPD7AInb0,"Why Ed Sheeran regrets giving Justin Bieber the song ""Love Yourself"" üòÇ",First We Feast,2024-05-26T21:00:15Z,910895,"Ed Sheeran,Justin Bieber",2
68UYBhIte3U,https://youtu.be/68UYBhIte3U,Who is the better performer: Taylor Swift or Harry Styles?,First We Feast,2024-01-27T23:30:01Z,101622,"Harry Styles,Taylor Swift",2
IrebCOq9_6Q,https://youtu.be/IrebCOq9_6Q,Taylor Swift's boyfriend reacts to every wing on Hot Ones,First We Feast,2023-12-29T21:00:08Z,1363986,"Taylor Swift,Travis Kelce",2
oeYmtTVlCPQ,https://youtu.be/oeYmtTVlCPQ,Bert Kreischer is our next action hero (sorry tom cruise),First We Feast,2023-05-22T23:00:17Z,139638,"Brad Pitt,Tom Cruise",2
uRInI9rnDNE,https://youtu.be/uRInI9rnDNE,Adam Richman Eats New Jersey‚Äôs Most Iconic Hot Dogs | Pro Moves,First We Feast,2025-05-14T17:01:18Z,588254,Bruce Springsteen,1
GIi6sITC9VE,https://youtu.be/GIi6sITC9VE,Selena Gomez and Benny Blanco are so aligned lol,First We Feast,2025-05-08T23:00:15Z,286522,Selena Gomez,1
adkJYEkzKF8,https://youtu.be/adkJYEkzKF8,There are 2 types of Hot Ones guests - which one are you? üëÄ,First We Feast,2025-05-05T17:45:00Z,176131,Sabrina Carpenter,1
stmm-TPWtX8,https://youtu.be/stmm-TPWtX8,Sean Evans loved this Selena Gomez Hot Ones moment üíó,First We Feast,2025-04-26T22:00:51Z,215597,Selena Gomez,1
qOTCjNO01-A,https://youtu.be/qOTCjNO01-A,"""So much hot sauce"" - Lady Gaga ü´†",First We Feast,2025-04-24T22:00:56Z,237183,Lady Gaga,1
CtYDRGJuNkw,https://youtu.be/CtYDRGJuNkw,We're obsessed with Selena Gomez and benny blanco on Hot Ones ü•π,First We Feast,2025-03-25T18:00:14Z,137979,Selena Gomez,1
aCbA61u5r0s,https://youtu.be/aCbA61u5r0s,Selena Gomez and Benny Blanco's reaction to every wing on Hot Ones üò≠,First We Feast,2025-03-21T18:00:00Z,315750,Selena Gomez,1
8K04679sw4Q,https://youtu.be/8K04679sw4Q,Selena Gomez needs to take a LAP üèÉ‚Äç‚ôÄÔ∏èüèÉ‚Äç‚ôÄÔ∏èüèÉ‚Äç‚ôÄÔ∏è,First We Feast,2025-03-20T15:15:00Z,5722994,Selena Gomez,1
NYH3pAYRrBM,https://youtu.be/NYH3pAYRrBM,Selena Gomez and benny blanco Burn With Love While Eating Spicy Wings | Hot Ones,First We Feast,2025-03-20T15:00:33Z,6257730,Selena Gomez,1
iYew7mI5sUw,https://youtu.be/iYew7mI5sUw,Selena Gomez & Benny Blanco's Next Collab: The Wings of Death! üíÄ,First We Feast,2025-03-19T19:45:41Z,552753,Selena Gomez,1
u_9ISZbriTo,https://youtu.be/u_9ISZbriTo,Anthony Mackie vs. Danny Ramirez | Hot Ones Versus,First We Feast,2025-02-25T18:00:53Z,578817,Harrison Ford,1
afZXztPZFV4,https://youtu.be/afZXztPZFV4,Rob McElhenney Needs to Walk It Out While Eating Spicy Wings | Hot Ones,First We Feast,2025-02-20T16:00:04Z,1939867,Ryan Reynolds,1
yjOEaix2Pdo,https://youtu.be/yjOEaix2Pdo,Lady Gaga ATE Hot Ones UP üíÖ,First We Feast,2025-02-18T18:00:50Z,136772,Lady Gaga,1
q1Pnlkacoio,https://youtu.be/q1Pnlkacoio,Lady Gaga wrote 'Born This Way' in only 10 MINUTES ü§Ø,First We Feast,2025-02-16T22:00:29Z,651658,Lady Gaga,1
dhIafZpI7Jw,https://youtu.be/dhIafZpI7Jw,Lady Gaga's reaction to every wing on Hot Ones ‚ù§Ô∏è‚Äçüî•,First We Feast,2025-02-14T18:00:37Z,518090,Lady Gaga,1
r-1jpKWu2bw,https://youtu.be/r-1jpKWu2bw,"Lady Gaga thinks her Hot Ones performance ""isn't entertaining"" üòÇ",First We Feast,2025-02-13T17:01:03Z,218223,Lady Gaga,1
zp5TYOxtZqY,https://youtu.be/zp5TYOxtZqY,Lady Gaga Tries to Keep a Poker Face While Eating Spicy Wings | Hot Ones,First We Feast,2025-02-13T16:01:08Z,5143624,Lady Gaga,1
dvL3KvYMpLo,https://youtu.be/dvL3KvYMpLo,Get ready for Lady Gaga on Hot Ones üéâüéâ,First We Feast,2025-02-12T20:00:29Z,632490,Lady Gaga,1
XtYRMCvbs3o,https://youtu.be/XtYRMCvbs3o,Questlove Refuses Defeat While Eating Spicy Wings | Hot Ones,First We Feast,2025-02-06T16:00:25Z,1266353,Jimmy Fallon,1
S8vrPcRMKdM,https://youtu.be/S8vrPcRMKdM,Ryan Fitzpatrick goes for Tom Brady's THROAT üèàüòÇ,First We Feast,2024-11-26T17:00:33Z,120647,Tom Brady,1
-caN5IQ7dYo,https://youtu.be/-caN5IQ7dYo,Richard Sherman vs. Ryan Fitzpatrick | Hot Ones Versus,First We Feast,2024-11-19T18:00:00Z,339146,Tom Brady,1
RkJxsS-IZBI,https://youtu.be/RkJxsS-IZBI,Jimmy Fallon takes on the wings of death üíÄ,First We Feast,2024-10-31T15:00:29Z,1083643,Jimmy Fallon,1
VKFAlc91BaI,https://youtu.be/VKFAlc91BaI,Get ready for Jimmy Fallon on Hot Ones üòÇ,First We Feast,2024-10-30T19:00:19Z,194898,Jimmy Fallon,1
2DTlbSDyayo,https://youtu.be/2DTlbSDyayo,Ariana Grande is built different üòÇ,First We Feast,2024-09-03T18:00:01Z,240558,Ariana Grande,1
_Z_ueaIidfU,https://youtu.be/_Z_ueaIidfU,Behind the scenes of Ariana Grande on Hot Ones üëÄ,First We Feast,2024-08-22T23:01:06Z,1944073,Ariana Grande,1
eLnvw0_agGs,https://youtu.be/eLnvw0_agGs,Ariana Grande's reaction to every wing on Hot Ones üî•,First We Feast,2024-08-09T18:00:22Z,13814822,Ariana Grande,1
3gXhpXvg6yc,https://youtu.be/3gXhpXvg6yc,Ryan Reynolds NEEDED to confess this üòÇ,First We Feast,2024-08-08T16:45:00Z,1333541,Ryan Reynolds,1
IPAke2nPKDU,https://youtu.be/IPAke2nPKDU,Ariana Grande Hits a High Note While Eating Spicy Wings | Hot Ones,First We Feast,2024-08-08T15:00:28Z,9866712,Ariana Grande,1
PkUsTDD773A,https://youtu.be/PkUsTDD773A,Stop what you're doing: Ariana Grande is going on Hot Ones‚ùó,First We Feast,2024-08-07T19:00:25Z,889467,Ariana Grande,1
ALfH_xnwjng,https://youtu.be/ALfH_xnwjng,Sabrina Carpenter takes on DA BOMB üòÖ,First We Feast,2024-07-22T15:00:15Z,1107667,Sabrina Carpenter,1
6w0Gf_vVkTY,https://youtu.be/6w0Gf_vVkTY,WHO YOU GOT? The Hot Ones crew bets on who will win: Billie Eilish or Finneas? üòÇ,First We Feast,2024-07-15T15:00:07Z,103260,Billie Eilish,1
Qy1jdCZdbks,https://youtu.be/Qy1jdCZdbks,Billie Eilish + Finneas x Hot Ones = PURE CHAOS üòÇ,First We Feast,2024-07-13T19:00:13Z,1219859,Billie Eilish,1
8fAupIQbkB4,https://youtu.be/8fAupIQbkB4,Sabrina Carpenter's reaction to every wing on Hot Ones ü•µ üëë,First We Feast,2024-07-12T18:00:04Z,10111131,Sabrina Carpenter,1
J2ucwE1vCt8,https://youtu.be/J2ucwE1vCt8,Will Billie Eilish rank how talented her musical heroes are?! üò≤üòÇ,First We Feast,2024-07-11T16:00:16Z,7205991,Billie Eilish,1
msnI0D1SDSg,https://youtu.be/msnI0D1SDSg,Sabrina Carpenter Talks Nonsense While Eating Spicy Wings | Hot Ones,First We Feast,2024-07-11T15:00:48Z,10339338,Sabrina Carpenter,1
lDXEMaahXcY,https://youtu.be/lDXEMaahXcY,Get ready for Sabrina Carpenter on Hot Ones üëÄ,First We Feast,2024-07-10T19:00:31Z,576626,Sabrina Carpenter,1
-2yTzR9bULg,https://youtu.be/-2yTzR9bULg,Billie Eilish vs. Finneas | Hot Ones Versus,First We Feast,2024-07-09T15:00:00Z,6732276,Billie Eilish,1
n22xRN3mmRI,https://youtu.be/n22xRN3mmRI,I wonder what Sabrina Carpenter texted her lol,First We Feast,2024-07-04T16:00:44Z,3694485,Sabrina Carpenter,1
iv6lwXOff3I,https://youtu.be/iv6lwXOff3I,Lupita Nyong‚Äôo Feels Every Emotion While Eating Spicy Wings | Hot Ones,First We Feast,2024-06-27T15:00:46Z,2150280,Taylor Swift,1
meLldeCa2mU,https://youtu.be/meLldeCa2mU,Heidi Klum Strikes a Pose While Eating Spicy Wings | Hot Ones,First We Feast,2024-06-20T15:00:44Z,2780131,Snoop Dogg,1
CVqOZfKm-II,https://youtu.be/CVqOZfKm-II,Will Smith ranks his best movie of ALL TIME  üèÜ,First We Feast,2024-06-17T23:00:06Z,117944,Will Smith,1
d5NsZYeOpJ4,https://youtu.be/d5NsZYeOpJ4,Will Smith's reaction to every wing on Hot Ones üî•,First We Feast,2024-06-07T17:00:32Z,405012,Will Smith,1
OVADZrhZF1E,https://youtu.be/OVADZrhZF1E,Will Smith Can't See While Eating Spicy Wings | Hot Ones,First We Feast,2024-06-06T15:00:30Z,3480723,Will Smith,1
_IJ8lh-o6OM,https://youtu.be/_IJ8lh-o6OM,Get ready for Will Smith on Hot Ones üëÄ,First We Feast,2024-06-05T19:00:16Z,156179,Will Smith,1
eYElRYQducQ,https://youtu.be/eYElRYQducQ,Chris Hemsworth vs. DA BOMB = priceless ü•µü•µ,First We Feast,2024-06-03T18:00:30Z,442566,Chris Hemsworth,1
U-tIbGkvU7I,https://youtu.be/U-tIbGkvU7I,Lewis Hamilton's reaction to every wing on Hot Ones üíÄ,First We Feast,2024-05-31T17:00:17Z,210425,Lewis Hamilton,1
0PdtS98IlcM,https://youtu.be/0PdtS98IlcM,Lewis Hamilton Goes Full Send While Eating Spicy Wings | Hot Ones,First We Feast,2024-05-30T15:00:00Z,6787641,Lewis Hamilton,1
DWAFwb6bJ8Q,https://youtu.be/DWAFwb6bJ8Q,Get ready for LEWIS HAMILTON on Hot Ones üèÅüèéÔ∏è,First We Feast,2024-05-29T19:00:06Z,300898,Lewis Hamilton,1
2vPQfKFl_a0,https://youtu.be/2vPQfKFl_a0,Chris Hemsworth's reaction to every wing on Hot Ones üî•,First We Feast,2024-05-24T18:00:01Z,804362,Chris Hemsworth,1
0HZPyhnErFo,https://youtu.be/0HZPyhnErFo,Chris Hemsworth Gets Nervous While Eating Spicy Wings | Hot Ones,First We Feast,2024-05-23T15:00:01Z,5542532,Chris Hemsworth,1
VZjyasM55nc,https://youtu.be/VZjyasM55nc,Get ready for CHRIS HEMSWORTH on the season premiere of Hot Ones ‚ùó,First We Feast,2024-05-22T19:00:25Z,193963,Chris Hemsworth,1
d5eTlW2lbxQ,https://youtu.be/d5eTlW2lbxQ,Sean Evans Reveals the Season 24 Hot Sauce Lineup | Hot Ones,First We Feast,2024-05-16T15:00:37Z,304520,Chris Hemsworth,1
jSo4cNjbtXg,https://youtu.be/jSo4cNjbtXg,Top 10 Most Watched Hot Ones Episodes (Marathon),First We Feast,2024-05-11T16:00:37Z,1739932,Billie Eilish,1
6KgLXmof1P8,https://youtu.be/6KgLXmof1P8,mgk was asked to say 3 mean things about Taylor Swift üòÇ,First We Feast,2024-04-25T20:00:03Z,425791,Taylor Swift,1
6--Pc7yYYcU,https://youtu.be/6--Pc7yYYcU,Gwyneth Paltrow's reaction to every wing on Hot Ones üî•ü´†,First We Feast,2024-03-22T19:00:06Z,730151,Gwyneth Paltrow,1
Kkx_FiSzbII,https://youtu.be/Kkx_FiSzbII,Gwyneth Paltrow Is Full of Regret While Eating Spicy Wings | Hot Ones,First We Feast,2024-03-21T15:00:28Z,1416752,Gwyneth Paltrow,1
9pL_ocTJS_g,https://youtu.be/9pL_ocTJS_g,"Gwyneth Paltrow on Hot Ones: ""I don't think I'm equipped to be here"" üòÇ",First We Feast,2024-03-20T19:00:03Z,191138,Gwyneth Paltrow,1
Dho6s1T0iJc,https://youtu.be/Dho6s1T0iJc,All of Paris Hilton's favorite snacks üçüüçìüç´,First We Feast,2023-11-25T19:00:05Z,940252,Paris Hilton,1
Bc_emVlhi90,https://youtu.be/Bc_emVlhi90,"Paris Hilton shares her ""Sliving Krispy Charms"" cereal hack ü•£üçÄ",First We Feast,2023-11-23T16:00:09Z,104044,Paris Hilton,1
ev5jce2GvWU,https://youtu.be/ev5jce2GvWU,Paris Hilton Breaks Down Her Favorite Snacks | Snacked,First We Feast,2023-11-21T18:00:18Z,223162,Paris Hilton,1
R1YtkCNKEy8,https://youtu.be/R1YtkCNKEy8,Travis Kelce catches a high from DA BOMB ü•µ,First We Feast,2023-10-13T15:00:20Z,278312,Travis Kelce,1
g2CMf_YrGd4,https://youtu.be/g2CMf_YrGd4,Now we know why Justin Timberlake sings it that way lol,First We Feast,2023-10-01T23:00:29Z,3791797,Justin Timberlake,1
97SPDxM3Ezw,https://youtu.be/97SPDxM3Ezw,*NSYNC Breaks Another Record While Eating Spicy Wings | Hot Ones,First We Feast,2023-09-21T15:00:06Z,7293517,Justin Timberlake,1
S8b3R7hzfDE,https://youtu.be/S8b3R7hzfDE,Harry Kane talks about becoming England's all time leading scorer ‚öΩ,First We Feast,2023-08-14T20:00:13Z,110507,Harry Kane,1
6wboBsLCC8c,https://youtu.be/6wboBsLCC8c,"Margot Robbie: ""I think I might die"" üíÄ",First We Feast,2023-07-22T18:00:03Z,989725,Margot Robbie,1
J1hQj8F9iGQ,https://youtu.be/J1hQj8F9iGQ,Harry Kane's reaction to every wing on Hot Ones üíÄ,First We Feast,2023-07-14T19:00:14Z,179014,Harry Kane,1
Fy59Fq-GkJg,https://youtu.be/Fy59Fq-GkJg,Harry Kane Takes One For the Team While Eating Spicy Wings | Hot Ones,First We Feast,2023-07-13T15:00:23Z,4576416,Harry Kane,1
KhrQJ7g4a6s,https://youtu.be/KhrQJ7g4a6s,Harry Kane takes on the Wings of Death ‚öΩü•µ,First We Feast,2023-07-12T19:00:12Z,184903,Harry Kane,1
TiAdbBckk2o,https://youtu.be/TiAdbBckk2o,Celebrities losing their s**t eating da' bomb hot sauce ü•µ,First We Feast,2023-05-20T18:00:11Z,509184,Billie Eilish,1
sm1mr1XyiHk,https://youtu.be/sm1mr1XyiHk,"Billie Eilish thinks this fast food chain is a ""powerful hoe"" üó£Ô∏è",First We Feast,2023-03-09T20:00:16Z,1197945,Billie Eilish,1
KqYgHpI6oXA,https://youtu.be/KqYgHpI6oXA,Lenny Kravitz Stays Cool While Eating Spicy Wings | Hot Ones,First We Feast,2023-02-09T16:00:17Z,1958860,Jennifer Lopez,1
503kxoS79zc,https://youtu.be/503kxoS79zc,Jeweler Breaks Down The Most Expensive Celebrity Watches | GQ,GQ,2023-11-30T17:00:02Z,596869,"Ed Sheeran,Lionel Messi,Tom Brady,Travis Scott",4
kl4qvHqr0RY,https://youtu.be/kl4qvHqr0RY,Robert De Niro Breaks Down His Most Iconic Characters | GQ,GQ,2025-02-25T17:00:15Z,921808,"Martin Scorsese,Robert De Niro",2
k9srEazFVbE,https://youtu.be/k9srEazFVbE,Ed Sheeran Tells The Stories Behind His Tattoos,GQ,2024-10-30T16:00:04Z,1516089,"Ed Sheeran,Harry Styles",2
G-TZphZQ3P8,https://youtu.be/G-TZphZQ3P8,Brad Pitt & George Clooney's GQ Cover Shoot | Behind The Scenes,GQ,2024-08-13T12:00:01Z,571763,"Brad Pitt,George Clooney",2
b-_AatwZ3lI,https://youtu.be/b-_AatwZ3lI,Hugh Jackman Loves To Troll Ryan Reynolds,GQ,2024-08-07T21:00:02Z,296583,"Hugh Jackman,Ryan Reynolds",2
4BXM4QW-7sE,https://youtu.be/4BXM4QW-7sE,"The Evolution of Wolverine, As Told by Ryan Reynolds",GQ,2024-08-06T16:00:10Z,1549473,"Hugh Jackman,Ryan Reynolds",2
nEP-_Ogi1bA,https://youtu.be/nEP-_Ogi1bA,Ryan Reynolds & Hugh Jackman Take a Friendship Quiz | GQ,GQ,2024-07-25T18:53:57Z,1605868,"Hugh Jackman,Ryan Reynolds",2
0k-6X2H7pCo,https://youtu.be/0k-6X2H7pCo,Harrison Ford Reflects on Indiana Jones' Legacy | GQ,GQ,2023-07-10T16:00:09Z,881323,"Harrison Ford,Steven Spielberg",2
_gcEyLIkd4o,https://youtu.be/_gcEyLIkd4o,Travis Scott Has Zero Clue How Many Tattoos Kylie Jenner Has #CouplesQuiz #GQ,GQ,2023-02-14T17:00:10Z,122565,"Kylie Jenner,Travis Scott",2
gv8LLEmMu-M,https://youtu.be/gv8LLEmMu-M,Making Ben Affleck Talk About Every Film He's Ever Done | GQ,GQ,2025-04-17T16:00:08Z,256977,Ben Affleck,1
EinsjYApRoA,https://youtu.be/EinsjYApRoA,Jesse Eisenberg Recalls Being in Awe of Kristen Stewart,GQ,2024-12-10T17:00:13Z,108759,Mark Zuckerberg,1
ETz7RhlVXnE,https://youtu.be/ETz7RhlVXnE,Jesse Eisenberg Breaks Down His Most Iconic Characters,GQ,2024-12-04T17:00:08Z,537638,Mark Zuckerberg,1
gUGSXsX8Bjo,https://youtu.be/gUGSXsX8Bjo,Will Smith & Martin Lawrence Take a Friendship Quiz | GQ,GQ,2024-06-07T16:00:03Z,1077014,Will Smith,1
m8vG9v8x8-w,https://youtu.be/m8vG9v8x8-w,Kevin Costner Breaks Down His Most Iconic Characters | GQ,GQ,2024-05-20T16:00:07Z,1138258,Kevin Costner,1
BDtTm_BzmpY,https://youtu.be/BDtTm_BzmpY,Ryan Gosling & His Stuntman Break Down 'The Fall Guy' Biggest Stunts with Director David Leitch | GQ,GQ,2024-04-29T16:00:02Z,231337,Ryan Gosling,1
1iUEUe4ecAc,https://youtu.be/1iUEUe4ecAc,Bill Burr Replies to Fans Online | Actually Me | GQ,GQ,2024-04-19T16:00:02Z,667472,Donald Trump,1
7iK_vQ_Q7q0,https://youtu.be/7iK_vQ_Q7q0,Travis Scott interviews himself on the #GQMOTY red carpet,GQ,2023-11-21T19:00:02Z,265291,Travis Scott,1
LxT_cqokriQ,https://youtu.be/LxT_cqokriQ,10 Things Travis Scott Can't Live Without | GQ,GQ,2023-11-15T17:00:16Z,3931874,Travis Scott,1
rjrei1R58pw,https://youtu.be/rjrei1R58pw,Kim Kardashian Replies to Fans on the Internet | Actually Me | GQ,GQ,2023-11-14T17:00:04Z,519000,Kim Kardashian,1
IdWIXbW3qJg,https://youtu.be/IdWIXbW3qJg,10 Things Chris Stapleton Can't Live Without | GQ,GQ,2023-10-31T16:00:09Z,741563,Chris Stapleton,1
sB_JZLp521g,https://youtu.be/sB_JZLp521g,Timoth√©e Chalamet & Martin Scorsese Have an Epic Conversation | GQ,GQ,2023-10-17T16:00:03Z,1809771,Martin Scorsese,1
S4dF9YxINpI,https://youtu.be/S4dF9YxINpI,10 Things Ed Sheeran Can't Live Without | GQ,GQ,2023-10-13T16:00:09Z,1470264,Ed Sheeran,1
AnWw7wNyljM,https://youtu.be/AnWw7wNyljM,Olivia Rodrigo was early to the Stanley cup craze,GQ,2023-09-25T19:00:01Z,379432,Olivia Rodrigo,1
8szAkDLWp-M,https://youtu.be/8szAkDLWp-M,Martin Scorsese Breaks Down His Most Iconic Films | GQ,GQ,2023-09-25T16:00:11Z,2447190,Martin Scorsese,1
019v7dFZpXs,https://youtu.be/019v7dFZpXs,Chris Evans and Michael Cera had the same vibes about Scott Pilgrim,GQ,2023-09-22T16:00:17Z,1744392,Chris Evans,1
ZnXfhveyxj8,https://youtu.be/ZnXfhveyxj8,10 Things Olivia Rodrigo Can't Live Without | GQ,GQ,2023-09-22T16:00:03Z,2982562,Olivia Rodrigo,1
tT7IQe_i3N8,https://youtu.be/tT7IQe_i3N8,Chris Evans Breaks Down His Most Iconic Characters | GQ,GQ,2023-09-19T12:00:04Z,4815469,Chris Evans,1
JU1_ct_Yfxs,https://youtu.be/JU1_ct_Yfxs,10 Things 'Power' Actor Joseph Sikora Can't Live Without | GQ,GQ,2023-09-04T16:00:02Z,273649,Martin Scorsese,1
aNJ_JPkbH2M,https://youtu.be/aNJ_JPkbH2M,KEN Things Ryan Gosling Can't Live Without | GQ,GQ,2023-07-17T12:00:01Z,4946848,Ryan Gosling,1
1FaQKqWxoNs,https://youtu.be/1FaQKqWxoNs,Harrison Ford Had MANY Questions Before Starring As #IndianaJones,GQ,2023-07-11T18:00:03Z,241208,Harrison Ford,1
5sX0gWg1qm4,https://youtu.be/5sX0gWg1qm4,"Hairstylist Breaks Down Celebrity Braids (A$AP Rocky, Drake, Rihanna) | GQ",GQ,2023-07-07T16:00:06Z,201082,Travis Scott,1
aKze-sfm730,https://youtu.be/aKze-sfm730,"Jeweler Critiques Celebrity Watch Collections (Pharrell, Jay-Z, Drake, Rihanna & More) | GQ",GQ,2023-06-27T16:00:21Z,1162862,Tom Cruise,1
R5Mrbc757vQ,https://youtu.be/R5Mrbc757vQ,Niall Horan Replies to Fans on the Internet | Actually Me | GQ,GQ,2023-06-09T16:00:08Z,320009,Blake Shelton,1
URym1nAxCOY,https://youtu.be/URym1nAxCOY,"Godfather of Jordan Brand Howard ""H"" White Breaks Down His Sneaker Journey | GQ",GQ,2023-06-06T16:00:01Z,104834,Michael Jordan,1
sN4QaqHwKto,https://youtu.be/sN4QaqHwKto,Ludacris Breaks Down His Most Iconic Tracks | GQ,GQ,2023-06-01T16:00:17Z,902223,Justin Bieber,1
2zVd9g8XBi0,https://youtu.be/2zVd9g8XBi0,5 Things That Inspire Tim Cook | GQ,GQ,2023-04-03T16:00:01Z,344462,Tim Cook,1
ZE6aKPjfN6o,https://youtu.be/ZE6aKPjfN6o,Kate Middleton and Princess Charlotte Wear Matching Headpieces at King Charles' Coronation | PEOPLE,People,2023-05-06T12:03:53Z,123508,"Kate Middleton,King Charles,Queen Camilla",3
iNnIzKGXQM8,https://youtu.be/iNnIzKGXQM8,Blake Lively Wore Ryan Reynolds' Shirts and Socks in 'It Ends With Us',People,2024-08-13T16:00:43Z,281584,"Blake Lively,Ryan Reynolds",2
LtlUkpij3dc,https://youtu.be/LtlUkpij3dc,Blake Lively Can‚Äôt Keep Her Hands Off Ryan Reynolds,People,2024-08-08T20:11:36Z,193569,"Blake Lively,Ryan Reynolds",2
Lxl5Ee8ltbA,https://youtu.be/Lxl5Ee8ltbA,Blake Lively Reveals the Romantic Gesture Ryan Reynolds Did Every Week When They Began Dating,People,2024-08-08T15:00:17Z,1173072,"Blake Lively,Ryan Reynolds",2
_Qro5ukN0rU,https://youtu.be/_Qro5ukN0rU,Ryan Reynolds and Blake Lively‚Äôs Children Have Multiple Passports,People,2024-07-24T14:00:35Z,237012,"Blake Lively,Ryan Reynolds",2
euJNVzkb564,https://youtu.be/euJNVzkb564,"Blake Lively Jokes Ryan Reynolds is ""Supporting Me"" at the 'Deadpool & Wolverine' Premiere",People,2024-07-23T15:16:15Z,145697,"Blake Lively,Ryan Reynolds",2
8S99iQH2Rvg,https://youtu.be/8S99iQH2Rvg,Ryan Reynolds & Hugh Jackman Interview Each Other | PEOPLE,People,2024-05-29T12:02:42Z,2572856,"Hugh Jackman,Ryan Reynolds",2
Kpzcd-v1cgo,https://youtu.be/Kpzcd-v1cgo,"Robert De Niro Reacts to Family Photos, 'The Godfather,' & His Oscar Win for 'Raging Bull' | PEOPLE",People,2024-02-07T17:00:12Z,244651,"Martin Scorsese,Robert De Niro",2
mVy3qzN1NjM,https://youtu.be/mVy3qzN1NjM,Eva Mendes Dances to Dua Lipa's 'Dance The Night' | PEOPLE,People,2023-08-03T18:32:55Z,549279,"Dua Lipa,Ryan Gosling",2
bvVAxq4mpKI,https://youtu.be/bvVAxq4mpKI,Margot Robbie never kissed Ryan Gosling #Barbie,People,2023-07-21T19:00:30Z,660280,"Margot Robbie,Ryan Gosling",2
acAa-svAe70,https://youtu.be/acAa-svAe70,"Rachael Ray Bids Farewell to Her Show with Tears, Pasta and a Send-Off from Oprah Winfrey | PEOPLE",People,2023-05-25T18:23:33Z,109734,"Michelle Obama,Oprah Winfrey",2
gFymQEetQ-Y,https://youtu.be/gFymQEetQ-Y,Ryan Reynolds Found Blake Lively's Favorite Teacher for Her Birthday #Shorts,People,2023-02-15T15:01:12Z,894385,"Blake Lively,Ryan Reynolds",2
t-CaVD7bm-g,https://youtu.be/t-CaVD7bm-g,Ben Affleck & Jennifer Lopez Star in Dunkin's Super Bowl Ad and He Reveals His Coffee Order | PEOPLE,People,2023-02-13T00:30:30Z,1107393,"Ben Affleck,Jennifer Lopez",2
mOxZS2x9jnk,https://youtu.be/mOxZS2x9jnk,Ariana Grande Saw 'Bridgerton' Choreography on the Set of 'Wicked',People,2024-11-19T20:00:32Z,136946,Ariana Grande,1
GSmCBaz3Qwc,https://youtu.be/GSmCBaz3Qwc,Ariana Grande Watches 'Bridgerton' with Co-Star Jonathan Bailey,People,2024-11-17T17:00:21Z,760386,Ariana Grande,1
AhMHwuETMP8,https://youtu.be/AhMHwuETMP8,"Ariana Grande Is ""Forever Changed"" by 'Wicked' Hair Flips: ""Mostly My Spinal Column""",People,2024-11-16T17:00:14Z,498992,Ariana Grande,1
wEoNQAb2NJE,https://youtu.be/wEoNQAb2NJE,Chris Evans Shares His Wife's Holiday Traditions For Their Family,People,2024-11-15T17:01:06Z,190408,Chris Evans,1
ZGVSJ4TJKJ8,https://youtu.be/ZGVSJ4TJKJ8,Chris Evans and Dwayne Johnson Interview Each Other | PEOPLE,People,2024-11-13T17:00:37Z,265203,Chris Evans,1
gtzIVYGoWcA,https://youtu.be/gtzIVYGoWcA,Benny Blanco Talks Dating Selena Gomez,People,2024-11-11T23:00:24Z,2364967,Selena Gomez,1
uKwlv9CVIOo,https://youtu.be/uKwlv9CVIOo,How Benny Blanco Won Over Selena Gomez | PEOPLE,People,2024-11-11T13:01:11Z,230610,Selena Gomez,1
kE-e5LQJv4k,https://youtu.be/kE-e5LQJv4k,Jennifer Aniston and Lisa Kudrow Share What They Took From the 'Friends' Set,People,2024-09-22T14:00:45Z,156159,Jennifer Aniston,1
DMXOMS0MRbk,https://youtu.be/DMXOMS0MRbk,Snoop Dogg's 9 Rules to Live By | PEOPLE,People,2024-09-11T14:00:15Z,113816,Snoop Dogg,1
pEGitowDqEw,https://youtu.be/pEGitowDqEw,'It Ends With Us' Star Brandon Sklenar Praises Blake Lively and Justin Baldoni,People,2024-08-14T22:00:35Z,253049,Blake Lively,1
ThGwV1tvbAw,https://youtu.be/ThGwV1tvbAw,"Kevin Costner Reacts to Photos of Whitney Houston, Yellowstone & More | PEOPLE",People,2024-06-18T12:00:56Z,251290,Kevin Costner,1
13cI1yPRMrw,https://youtu.be/13cI1yPRMrw,"Joey King can't stop singing Sabrina Carpenter's ""Please Please Please""",People,2024-06-11T22:00:00Z,378110,Sabrina Carpenter,1
79Waa2wlVvk,https://youtu.be/79Waa2wlVvk,Ryan Gosling and Lookalikes Wow with Fiery Stunt on The Fall Guy Red Carpet,People,2024-05-04T15:00:10Z,102130,Ryan Gosling,1
-kLTuETXU04,https://youtu.be/-kLTuETXU04,"Eva Mendes Reveals Her 3 Biggest Priorities: Ryan Gosling, Her Kids and Herself",People,2024-05-02T22:00:00Z,956361,Ryan Gosling,1
IyB0KetOA90,https://youtu.be/IyB0KetOA90,Ryan Gosling's kids didn't want him to be set on fire while filming 'The Fall Guy',People,2024-04-24T22:07:48Z,969902,Ryan Gosling,1
Y6-ejTFDPe4,https://youtu.be/Y6-ejTFDPe4,Billie Eilish Tells Coachella Crowd She Loves Them Before Taking the Stage,People,2024-04-15T14:54:40Z,249227,Billie Eilish,1
fPmUhd9L1KI,https://youtu.be/fPmUhd9L1KI,Matthew McConaughey Breaks Down His Most Iconic Roles | PEOPLE,People,2024-04-10T16:00:28Z,189630,Jennifer Lopez,1
quYFS0R7pRY,https://youtu.be/quYFS0R7pRY,"Cillian Murphy, Emily Blunt & Robert Downey Jr. React To Tweets About 'Oppenheimer'",People,2024-03-08T19:18:19Z,2341003,Robert Downey Jr.,1
K8VaAuZywj4,https://youtu.be/K8VaAuZywj4,Kelly Clarkson on Life After Divorce & Moving to NYC | PEOPLE,People,2024-01-03T13:03:03Z,562018,Kelly Clarkson,1
5GBthHX8XMs,https://youtu.be/5GBthHX8XMs,"Oprah Winfrey on Turning 70 and How 'The Color Purple' ""Changed Everything"" | People",People,2023-12-13T13:02:24Z,307502,Oprah Winfrey,1
9q8bTbuxgOE,https://youtu.be/9q8bTbuxgOE,Matthew Perry Dead at 54 After Apparent Drowning | PEOPLE,People,2023-10-29T01:28:48Z,390447,Matthew Perry,1
LrRPvWSM0IQ,https://youtu.be/LrRPvWSM0IQ,Gwen Stefani Reflects on Her First Public Date with Blake Shelton,People,2023-10-19T20:33:40Z,267241,Blake Shelton,1
hcNykC7OBfg,https://youtu.be/hcNykC7OBfg,"Jada Pinkett Smith on the Oscars 'Slap', Marriage to Will Smith & Her Journey to Hollywood  | PEOPLE",People,2023-10-14T01:12:43Z,342164,Will Smith,1
p8m6vzCtVnA,https://youtu.be/p8m6vzCtVnA,Jada Pinkett Smith Denies Being in an Open Marriage with Will Smith | PEOPLE,People,2023-10-11T17:59:44Z,160019,Will Smith,1
kx5g1eEaSZ8,https://youtu.be/kx5g1eEaSZ8,"Gwen Stefani ""Felt Home"" When She Met Blake Shelton #Shorts",People,2023-09-28T16:00:37Z,513992,Blake Shelton,1
fat9SVyqwR0,https://youtu.be/fat9SVyqwR0,"Gwen Stefani Gets Candid on Life in Oklahoma With Blake Shelton, Rock Stardom, & Motherhood | PEOPLE",People,2023-09-27T12:03:01Z,289956,Blake Shelton,1
o7axZc_u3Fk,https://youtu.be/o7axZc_u3Fk,Kate Middleton Quietly Showed She's a Master of Royal Protocol While Out with Princess Anne | PEOPLE,People,2023-08-14T20:51:27Z,267658,Kate Middleton,1
CZ4X0KKh5V8,https://youtu.be/CZ4X0KKh5V8,All of the Iconic Dolls That Inspired Margot Robbie's 'Barbie' Press Tour Looks | PEOPLE,People,2023-07-19T22:00:11Z,112101,Margot Robbie,1
B7CyLFPq5mA,https://youtu.be/B7CyLFPq5mA,Ryan Gosling's kids coached him 'Barbie',People,2023-07-19T18:00:05Z,110461,Ryan Gosling,1
xyMALUZBh1s,https://youtu.be/xyMALUZBh1s,'The Summer I Turned Pretty' Star Lola Tung Gushes About Taylor Swift #Shorts,People,2023-07-07T17:23:29Z,316092,Taylor Swift,1
Nnc6260FwEY,https://youtu.be/Nnc6260FwEY,Blake Lively Does All of Her Own Styling #Shorts,People,2023-05-31T20:09:06Z,2675259,Blake Lively,1
vuax8bLulzY,https://youtu.be/vuax8bLulzY,"Queen of Rock 'n' Roll Tina Turner Dead at 83 After ""Long Illness"" | PEOPLE",People,2023-05-24T20:02:33Z,100383,Tina Turner,1
MWXlB9rAPHM,https://youtu.be/MWXlB9rAPHM,Harrison Ford and Calista Flockhart Share Sweet Moment Ahead of 'Indiana Jones' Premiere | PEOPLE,People,2023-05-19T15:55:03Z,129289,Harrison Ford,1
DB7wmbk_a6E,https://youtu.be/DB7wmbk_a6E,"Carl Lentz Admits to ""Inappropriate Relationship"" with Nanny in 'The Secrets of Hillsong' | PEOPLE",People,2023-05-15T20:59:22Z,113601,Justin Bieber,1
5Uf-k3YHoF4,https://youtu.be/5Uf-k3YHoF4,Prince George and Princess Charlotte Dance Along to Lionel Richie at Coronation Concert | PEOPLE,People,2023-05-08T20:00:02Z,196372,Kate Middleton,1
zFUffZq02Tw,https://youtu.be/zFUffZq02Tw,"Prince George, Princess Charlotte and Prince Louis Attend Grandfather King Charles' Coronation",People,2023-05-06T12:30:02Z,104314,King Charles,1
DWuFRI99r30,https://youtu.be/DWuFRI99r30,Ed Sheeran Tears Up over Wife Cherry's Cancer Diagnosis | PEOPLE,People,2023-05-02T18:23:20Z,337991,Ed Sheeran,1
sssNus68IpI,https://youtu.be/sssNus68IpI,Kim Kardashian Arrives at Met Gala Covered in Pearls #Shorts,People,2023-05-02T00:59:19Z,1118486,Kim Kardashian,1
1QaTJ_Y2vWQ,https://youtu.be/1QaTJ_Y2vWQ,Chris Evans Says He's Been Ghosted Before #Shorts,People,2023-04-19T18:00:02Z,106998,Chris Evans,1
TRfZGCbCKDE,https://youtu.be/TRfZGCbCKDE,"Chris Evans & Ana de Armas on Reuniting for 'Ghosted' and Their ""Easy"" Chemistry | PEOPLE",People,2023-04-18T20:00:08Z,281456,Chris Evans,1
o82FU0nVTv8,https://youtu.be/o82FU0nVTv8,"The Best Met Gala Looks of All Time Part 1: Zendaya, Blake Lively and More! #Shorts",People,2023-04-17T18:30:26Z,622555,Blake Lively,1
ih4-RJ9eq6o,https://youtu.be/ih4-RJ9eq6o,"Chris Pratt Says Son Jack ""Freaked Out"" Seeing Dad in 'Super Mario Bros. Movie'",People,2023-04-03T16:03:18Z,113844,Chris Pratt,1
0xFRhFAokaI,https://youtu.be/0xFRhFAokaI,*NSYNC Talks Iconic and Never-Before-Heard Stories 25 Years After U.S. Debut Album | PEOPLE,People,2023-03-23T18:00:00Z,119184,Justin Timberlake,1
Eee3KY5Z468,https://youtu.be/Eee3KY5Z468,Lady Gaga Helps a Photographer After He Falls on the Oscars Carpet #Shorts #Oscars,People,2023-03-13T00:01:34Z,467410,Lady Gaga,1
SLU23ilul3w,https://youtu.be/SLU23ilul3w,Kate Middleton Had the Perfect Response to a Man Who Was Nervous to Take a Selfie with Her | PEOPLE,People,2023-01-31T17:20:19Z,470382,Kate Middleton,1
TrAwhy5AbA0,https://youtu.be/TrAwhy5AbA0,How Ariana Grande's Vocal Coach Brought 'Wicked' to Life Through Song | Vanity Fair,Vanity Fair,2025-02-25T17:00:11Z,207964,"Angelina Jolie,Ariana Grande,Bob Dylan,Sabrina Carpenter",4
WixaBEPMACo,https://youtu.be/WixaBEPMACo,Ed Sheeran Takes a Lie Detector Test | Vanity Fair,Vanity Fair,2025-05-15T16:00:10Z,117844,"Ed Sheeran,Harry Styles,Selena Gomez",3
Xenstc6mHWs,https://youtu.be/Xenstc6mHWs,Ryan Reynolds & Hugh Jackman Take Lie Detector Tests | Vanity Fair,Vanity Fair,2024-07-26T16:00:09Z,6226254,"Blake Lively,Hugh Jackman,Ryan Reynolds",3
sqMBTSyQXdE,https://youtu.be/sqMBTSyQXdE,Wicked's Ariana Grande & Cynthia Erivo Take Lie Detector Tests | Vanity Fair,Vanity Fair,2024-09-30T12:00:03Z,5973297,"Ariana Grande,King Charles",2
CpirF3zKjLA,https://youtu.be/CpirF3zKjLA,"Jeff Goldblum Rewatches Wicked, Jurassic Park, The Big Chill & More | Vanity Fair",Vanity Fair,2024-09-04T16:00:02Z,192248,"Ariana Grande,Steven Spielberg",2
shM01kLTSc4,https://youtu.be/shM01kLTSc4,One thing Ryan Reynolds & Hugh Jackman can't lie about: Paul Rudd's inability to age.,Vanity Fair,2024-07-30T19:00:02Z,776141,"Hugh Jackman,Ryan Reynolds",2
ZMUpgYXi_pg,https://youtu.be/ZMUpgYXi_pg,Ryan Reynolds and Hugh Jackman are ready to confess.,Vanity Fair,2024-07-30T16:00:13Z,3412445,"Hugh Jackman,Ryan Reynolds",2
HCvpVtJTzC0,https://youtu.be/HCvpVtJTzC0,Sabrina Carpenter Gets Ready for the Vanity Fair Oscar Party | To The Nines | Vanity Fair,Vanity Fair,2024-03-11T15:15:02Z,2147106,"Sabrina Carpenter,Taylor Swift",2
amvFrvleMoc,https://youtu.be/amvFrvleMoc,"Vanity Fair Oscar Party 2024: Best Red Carpet Moments (ft. Sydney Sweeney, Jennifer Coolidge & More)",Vanity Fair,2024-03-11T10:30:01Z,108960,"Margot Robbie,Paris Hilton",2
NVe0GYvgNm8,https://youtu.be/NVe0GYvgNm8,"Gwyneth Paltrow Rewatches Iron Man, Glee, The Royal Tenenbaums & More | Vanity Fair",Vanity Fair,2025-03-18T16:00:02Z,105759,Gwyneth Paltrow,1
hhGp1XV683k,https://youtu.be/hhGp1XV683k,You can expect multiple nights of chaos from Lady Gaga's Coachella set.,Vanity Fair,2025-02-21T17:00:10Z,619162,Lady Gaga,1
txEqxvNt3Eo,https://youtu.be/txEqxvNt3Eo,Would Lady Gaga ever be a Real Housewife?,Vanity Fair,2025-02-20T20:00:02Z,327247,Lady Gaga,1
3EVrS7yU1Qc,https://youtu.be/3EVrS7yU1Qc,Lady Gaga Takes a Lie Detector Test | Vanity Fair,Vanity Fair,2025-02-19T17:00:03Z,1686994,Lady Gaga,1
fExEyEQdii0,https://youtu.be/fExEyEQdii0,"Alan Cumming Rewatches Spy Kids, GoldenEye, Traitors & More | Vanity Fair",Vanity Fair,2025-02-05T17:00:01Z,410059,Tom Cruise,1
5zku7VxyU2A,https://youtu.be/5zku7VxyU2A,Billie Eilish's favorite artists over the years.,Vanity Fair,2025-01-01T17:00:04Z,1858539,Billie Eilish,1
LNbC2W7gyaE,https://youtu.be/LNbC2W7gyaE,Mission accomplished for Billie Eilish.,Vanity Fair,2024-12-20T17:00:10Z,174003,Billie Eilish,1
GQNGxmKHurc,https://youtu.be/GQNGxmKHurc,Billie Eilish will make an exception for Charli XCX.,Vanity Fair,2024-12-19T17:00:10Z,1215153,Billie Eilish,1
PsHx7bMIFC4,https://youtu.be/PsHx7bMIFC4,"Billie Eilish: Same Interview, The Eighth Year | Vanity Fair",Vanity Fair,2024-12-18T17:00:03Z,6660472,Billie Eilish,1
cbYfc5_4850,https://youtu.be/cbYfc5_4850,Eight years and counting.,Vanity Fair,2024-12-16T20:00:03Z,302179,Billie Eilish,1
nOpHUzILBPg,https://youtu.be/nOpHUzILBPg,"Billie Eilish: Same Interview, The Eighth Year (Coming Soon)",Vanity Fair,2024-12-11T17:00:04Z,1196388,Billie Eilish,1
dCW0bNUPY5o,https://youtu.be/dCW0bNUPY5o,Ain't that the truth? Dev Patel & Nicole Kidman join forces for #VFHollywood.,Vanity Fair,2024-11-27T17:00:11Z,112743,Nicole Kidman,1
a8d-Xj2V4Zg,https://youtu.be/a8d-Xj2V4Zg,"Sacha Baron Cohen Rewatches Borat, Talladega Nights, Da Ali G Show & More | Vanity Fair",Vanity Fair,2024-11-12T17:00:03Z,1464168,Donald Trump,1
K1WpWk3txLY,https://youtu.be/K1WpWk3txLY,Ariana Grande's resting constant fret face is very real.,Vanity Fair,2024-11-11T20:00:03Z,3637816,Ariana Grande,1
WQJKoKpaq1M,https://youtu.be/WQJKoKpaq1M,Does Ariana Grande really love her fans?,Vanity Fair,2024-11-11T18:59:02Z,799112,Ariana Grande,1
xO5kZpNzfr8,https://youtu.be/xO5kZpNzfr8,We all need a Stephanie in our lives.,Vanity Fair,2024-11-07T20:00:03Z,256638,Ariana Grande,1
zFtiVvyQ5so,https://youtu.be/zFtiVvyQ5so,"Ariana Grande says not today, not ever again, Satan.",Vanity Fair,2024-11-06T20:00:02Z,299461,Ariana Grande,1
Qw29PIGd0MU,https://youtu.be/Qw29PIGd0MU,Ariana Grande would like to leave the past in the past.,Vanity Fair,2024-11-06T17:00:05Z,303891,Ariana Grande,1
tJl-H7tKwE4,https://youtu.be/tJl-H7tKwE4,"Billie Eilish reveals her ""villain origin story"" for acting.",Vanity Fair,2024-11-01T17:10:08Z,6058973,Billie Eilish,1
Oj4PcbJspM8,https://youtu.be/Oj4PcbJspM8,"""When you are a child and a teenager, emotion is the most intense thing in the world.""",Vanity Fair,2024-10-28T16:00:04Z,147798,Billie Eilish,1
YN8JkmHf_FU,https://youtu.be/YN8JkmHf_FU,"When it comes to her public image, Billie Eilish was just ""doing whatever she was doing.""",Vanity Fair,2024-10-25T16:00:05Z,246476,Billie Eilish,1
lwVCyVnApxI,https://youtu.be/lwVCyVnApxI,Sweetpea's Ella Purnell Takes a Lie Detector Test | Vanity Fair,Vanity Fair,2024-10-23T16:00:02Z,317217,Margot Robbie,1
fdVYLGWN9PI,https://youtu.be/fdVYLGWN9PI,Has Ariana Grande ever gotten confronted about a celebrity impersonation?,Vanity Fair,2024-10-04T17:15:02Z,1149088,Ariana Grande,1
GZLay3ULIn4,https://youtu.be/GZLay3ULIn4,"Billie Eilish Breaks Down Her Career, from 'Ocean Eyes' to 'Barbie' | Vanity Fair",Vanity Fair,2024-10-03T16:00:02Z,2535641,Billie Eilish,1
iVlsp-0nQaY,https://youtu.be/iVlsp-0nQaY,Ariana Grande confirms which cosmetic procedures she has and has NOT gotten.,Vanity Fair,2024-10-02T17:35:02Z,32284121,Ariana Grande,1
FNUJl7Wl2Qw,https://youtu.be/FNUJl7Wl2Qw,"Dakota Johnson Rewatches The Social Network, Suspiria, The Peanut Butter Falcon & More | Vanity Fair",Vanity Fair,2024-09-26T16:00:02Z,239684,Barack Obama,1
5LArPOwZAlQ,https://youtu.be/5LArPOwZAlQ,"Jake, please respond to Selena's texts.",Vanity Fair,2024-09-18T16:00:09Z,1349935,Selena Gomez,1
IBlmAQKYagY,https://youtu.be/IBlmAQKYagY,"Selena Gomez Rewatches Emilia P√©rez, Spring Breakers & More | Vanity Fair",Vanity Fair,2024-09-09T12:00:02Z,1447734,Selena Gomez,1
MRgrN9OtdJQ,https://youtu.be/MRgrN9OtdJQ,The rumors are true... There's nothing Blake Lively can't do.,Vanity Fair,2024-08-14T16:00:05Z,347309,Blake Lively,1
hmlwQLtlxu0,https://youtu.be/hmlwQLtlxu0,Blake Lively & 'It Ends with Us' Cast Test How Well They Know Each Other | Vanity Fair,Vanity Fair,2024-08-12T16:00:03Z,139458,Blake Lively,1
xZnK3H_-PYc,https://youtu.be/xZnK3H_-PYc,Even Sabrina feels ugly sometimes,Vanity Fair,2024-06-25T16:45:01Z,2096673,Sabrina Carpenter,1
RBqHHpPoFks,https://youtu.be/RBqHHpPoFks,"Sabrina Carpenter is a normal amount of h*rny, thank you",Vanity Fair,2024-06-24T16:00:05Z,2463749,Sabrina Carpenter,1
i6ALbJmMw_M,https://youtu.be/i6ALbJmMw_M,Sabrina Carpenter Creates Her Self Portrait | Vanity Fair,Vanity Fair,2024-06-20T12:00:01Z,909157,Sabrina Carpenter,1
zrxGaPkN5Mw,https://youtu.be/zrxGaPkN5Mw,Nicole Kidman & Reese Witherspoon Reunite 5 Years After 'Big Little Lies' | Vanity Fair,Vanity Fair,2024-06-05T16:00:02Z,398723,Nicole Kidman,1
OP61CVFkhmo,https://youtu.be/OP61CVFkhmo,Allison Williams & Ebon Moss-Bachrach Reunite 7 Years After 'Girls' | Vanity Fair,Vanity Fair,2024-05-28T16:00:04Z,281278,Kelly Clarkson,1
6q3zL2CEnsE,https://youtu.be/6q3zL2CEnsE,"Ryan Gosling, Emily Blunt & David Leitch Break Down 'The Fall Guy' Stunt Scene | Vanity Fair",Vanity Fair,2024-05-03T16:00:04Z,202336,Ryan Gosling,1
5NxT7xrxDGk,https://youtu.be/5NxT7xrxDGk,Is Chris Hemsworth the favorite Hemsworth brother? At least he thinks so.,Vanity Fair,2024-05-01T16:00:14Z,114369,Chris Hemsworth,1
nB-5SEW3iC4,https://youtu.be/nB-5SEW3iC4,Chris Hemsworth Takes a Lie Detector Test | Vanity Fair,Vanity Fair,2024-04-30T11:00:01Z,775362,Chris Hemsworth,1
Ry3ISTkKdvc,https://youtu.be/Ry3ISTkKdvc,"Pedro Pascal, Jenna Ortega & More Stars Answer Questions About Hollywood | Vanity Fair",Vanity Fair,2024-02-21T12:30:02Z,1047505,Ralph Lauren,1
XODlOjbDqDw,https://youtu.be/XODlOjbDqDw,Billie Eilish is ready to talk ad-libs.,Vanity Fair,2024-02-14T17:00:12Z,773552,Billie Eilish,1
WKhxWEgXdsA,https://youtu.be/WKhxWEgXdsA,"Billie Eilish and FINNEAS on finding the perfect delivery of ""What Was I Made For""",Vanity Fair,2024-02-12T17:00:16Z,2479826,Billie Eilish,1
G7dVn0f1bPg,https://youtu.be/G7dVn0f1bPg,Donald Glover & Maya Erskine Take Lie Detector Tests | Vanity Fair,Vanity Fair,2024-02-02T17:00:01Z,630853,Angelina Jolie,1
lzLm2e0Fztw,https://youtu.be/lzLm2e0Fztw,"Oppenheimer According to Cillian Murphy, Robert Downey Jr. and Emily Blunt | Vanity Fair",Vanity Fair,2024-01-19T17:00:01Z,749188,Robert Downey Jr.,1
mewdcHIvMmA,https://youtu.be/mewdcHIvMmA,How Billie Eilish and FINNEAS Created Oscar-Winning 'What Was I Made For' | Vanity Fair,Vanity Fair,2023-12-07T13:30:01Z,3219534,Billie Eilish,1
cn1QU8pCFVw,https://youtu.be/cn1QU8pCFVw,90 Day Fiance is Dua Lipa's only exception.,Vanity Fair,2023-11-09T17:00:12Z,1501152,Dua Lipa,1
R_yQT-ErPyU,https://youtu.be/R_yQT-ErPyU,Julia Fox Takes a Lie Detector Test | Vanity Fair,Vanity Fair,2023-10-25T16:00:06Z,481369,Kim Kardashian,1
ECsHd9FOOhs,https://youtu.be/ECsHd9FOOhs,Troye Sivan Takes a Lie Detector Test | Vanity Fair,Vanity Fair,2023-08-16T16:00:10Z,897367,Lady Gaga,1
VQJ2V7s6Pro,https://youtu.be/VQJ2V7s6Pro,Riley Keough Reflects On Life Changing Moments | Vanity Fair,Vanity Fair,2023-08-08T16:00:02Z,229670,Lisa Marie,1
GzToq-kWQiM,https://youtu.be/GzToq-kWQiM,How Robert Downey Jr. Got Cast as Iron Man,Vanity Fair,2023-08-07T16:00:08Z,242302,Robert Downey Jr.,1
yE-8iTNMlro,https://youtu.be/yE-8iTNMlro,"Robert Downey Jr. Breaks Down His Career, from 'Iron Man' to 'Oppenheimer' | Vanity Fair",Vanity Fair,2023-07-21T16:00:09Z,3847002,Robert Downey Jr.,1
ok_pp7vt1Ls,https://youtu.be/ok_pp7vt1Ls,Trixie Mattel Approves of Margot Robbie as Barbie,Vanity Fair,2023-07-20T16:00:08Z,4000555,Margot Robbie,1
j7QCOV9V2Hs,https://youtu.be/j7QCOV9V2Hs,'Barbie' Cast Test How Well They Know Each Other | Vanity Fair,Vanity Fair,2023-07-19T16:00:02Z,1044818,Margot Robbie,1
wYV3FCH3vKA,https://youtu.be/wYV3FCH3vKA,"Margot Robbie, Issa Rae, Kate McKinnon & More at 'Barbie' Premiere",Vanity Fair,2023-07-18T16:00:11Z,289156,Margot Robbie,1
DaB_aqdDWUw,https://youtu.be/DaB_aqdDWUw,Ben Affleck & Matt Damon Reflect on Their Careers Together | Vanity Fair,Vanity Fair,2023-04-26T16:00:14Z,4718925,Ben Affleck,1
s1UhSZRNS80,https://youtu.be/s1UhSZRNS80,Ana de Armas & Chris Evans Test How Well They Know Each Other | Vanity Fair Game Show,Vanity Fair,2023-04-24T16:00:10Z,852837,Chris Evans,1
G90J1CU07VQ,https://youtu.be/G90J1CU07VQ,Paul Mescal Plays Six Degrees of Separation,Vanity Fair,2023-04-05T16:00:06Z,504494,Ryan Gosling,1
qG00TtRBSt8,https://youtu.be/qG00TtRBSt8,Keke Palmer Thought Angela Bassett Was Tina Turner For Years,Vanity Fair,2023-03-10T16:55:02Z,135652,Tina Turner,1
VNvOhlLtGk0,https://youtu.be/VNvOhlLtGk0,Selena Gomez Makes a Late Night Snack | Vanity Fair,Vanity Fair,2023-02-15T17:00:10Z,999899,Selena Gomez,1
6DqIW4-hWrA,https://youtu.be/6DqIW4-hWrA,The Official Golden Globes Pre-Show presented by Variety | ET,Variety,2025-01-06T01:13:25Z,626552,"Angelina Jolie,Ariana Grande,Harrison Ford,Nicole Kidman,Selena Gomez",5
ay1tJGqCkUM,https://youtu.be/ay1tJGqCkUM,George Clooney & Patti LuPone | Actors on Actors: Broadway,Variety,2025-04-22T15:00:04Z,133227,"Donald Trump,Elon Musk,George Clooney",3
4n1GOZWVAuw,https://youtu.be/4n1GOZWVAuw,The Best 'Know Their Lines' | 2025 Edition,Variety,2025-02-13T18:46:57Z,231954,"Jennifer Lopez,Margot Robbie,Ryan Gosling",3
WuKHOth3CwA,https://youtu.be/WuKHOth3CwA,What's Ryan Reynolds' favorite Taylor Swift song?,Variety,2024-07-11T16:00:23Z,211887,"Hugh Jackman,Ryan Reynolds,Taylor Swift",3
ebGnrGhBj4U,https://youtu.be/ebGnrGhBj4U,"How Well Do Ryan Reynolds, Hugh Jackman & 'Deadpool & Wolverine' Director Shawn Levy Know Each Other",Variety,2024-07-10T15:53:33Z,1118760,"Hugh Jackman,Ryan Reynolds,Taylor Swift",3
hvMp4SRz-3w,https://youtu.be/hvMp4SRz-3w,The Official Golden Globes Pre-Show presented by Variety | ET,Variety,2024-01-08T01:09:28Z,587493,"Billie Eilish,Jennifer Lopez,Margot Robbie",3
eWXo2scemG0,https://youtu.be/eWXo2scemG0,"Ice Spice Talks Taylor Swift Friendship ‚ÄúThat‚Äôs My Sis,"" Her Dunkin' Donuts Collab, and VMAs Win",Variety,2023-09-28T15:00:25Z,293444,"Ben Affleck,Nicki Minaj,Taylor Swift",3
A-GZBaTowic,https://youtu.be/A-GZBaTowic,How Well Do Rob McElhenney & Kaitlin Olson Know Each Other?,Variety,2025-05-21T15:00:27Z,322030,"Hugh Jackman,Ryan Reynolds",2
zkCZ8vYz5Ts,https://youtu.be/zkCZ8vYz5Ts,"Elton John Reacts To Donald Trump Calling Kim Jong Un ""Rocketman""",Variety,2024-09-07T20:32:47Z,8248516,"Donald Trump,Elton John",2
p7e9hy0nMng,https://youtu.be/p7e9hy0nMng,Does Sabrina Carpenter Know Her Lyrics From Her Biggest Songs?,Variety,2024-08-06T15:00:59Z,1894685,"Sabrina Carpenter,Taylor Swift",2
_BikxJE63Bk,https://youtu.be/_BikxJE63Bk,"Ryan Reynolds, Hugh Jackman & Director Shawn Levy on Convincing Marvel to Make Deadpool & Wolverine",Variety,2024-07-10T20:34:05Z,910343,"Hugh Jackman,Ryan Reynolds",2
-6qMMbyPTmk,https://youtu.be/-6qMMbyPTmk,Robert Downey Jr. Gives an 'Avengers' Roast to Chris Hemsworth at Walk of Fame Ceremony,Variety,2024-05-23T19:22:27Z,589380,"Chris Hemsworth,Robert Downey Jr.",2
cRUlMx3W4Us,https://youtu.be/cRUlMx3W4Us,Does Jennifer Lopez Know Her Lines?,Variety,2024-02-13T16:00:22Z,299339,"Ben Affleck,Jennifer Lopez",2
eRDJy2EKpIM,https://youtu.be/eRDJy2EKpIM,"Jennifer Lopez on Her New Single and Why Her Marriage to Ben Affleck is ""It."" for Her",Variety,2024-01-08T00:42:38Z,549519,"Ben Affleck,Jennifer Lopez",2
z0Qk6QdQap0,https://youtu.be/z0Qk6QdQap0,Dua Lipa Awards Margot Robbie & Producing Partners for 'Barbie' at Variety's Power of Women,Variety,2023-11-17T06:59:44Z,203711,"Dua Lipa,Margot Robbie",2
3EEKBEgG_0I,https://youtu.be/3EEKBEgG_0I,A$AP Rocky Decides What is 'New York or Not New York',Variety,2025-05-06T15:00:12Z,211724,Eric Adams,1
6xNHA3a-brI,https://youtu.be/6xNHA3a-brI,'ER' & 'The Pitt' Star Noah Wyle Plays Operation,Variety,2025-04-09T15:00:09Z,104126,George Clooney,1
jXZ3EvmfMWM,https://youtu.be/jXZ3EvmfMWM,Kanye West & Bianca Censori walk the red carpet at the 2025 Grammys,Variety,2025-02-07T17:53:30Z,153513,Kanye West,1
3bNvDSF835Y,https://youtu.be/3bNvDSF835Y,Selena Gomez's Golden Globes interview gets crashed by Martin Short & Steve Martin,Variety,2025-01-06T01:06:26Z,225468,Selena Gomez,1
zJdOfsSfDTI,https://youtu.be/zJdOfsSfDTI,"How Well Do Ariana Grande, Cynthia Erivo, & 'Wicked' Director Jon M. Chu Know Each Other?",Variety,2025-01-02T16:00:53Z,797665,Ariana Grande,1
Nd8XvYRFN-U,https://youtu.be/Nd8XvYRFN-U,Timoth√©e Chalamet & Monica Barbaro Break Down Recreating 'It Ain‚Äôt Me Babe' by Bob Dylan & Joan Baez,Variety,2024-12-27T16:00:30Z,607431,Bob Dylan,1
1lmvBEz9XOo,https://youtu.be/1lmvBEz9XOo,Harris Dickinson & Drew Starkey | Actors on Actors,Variety,2024-12-14T16:00:02Z,474819,Nicole Kidman,1
MZnXKw5AEfU,https://youtu.be/MZnXKw5AEfU,Nicole Kidman to Zendaya: ‚ÄúYou seem very stable.‚Äù #ActorsOnActors,Variety,2024-12-13T23:38:55Z,1177797,Nicole Kidman,1
47-qd6OG1CA,https://youtu.be/47-qd6OG1CA,Zendaya & Nicole Kidman | Actors on Actors,Variety,2024-12-13T16:00:07Z,981871,Nicole Kidman,1
P6fV4k-PCnk,https://youtu.be/P6fV4k-PCnk,Cynthia Erivo tells Angelina Jolie about transforming into Elphaba for Wicked #actorsonactors,Variety,2024-12-12T21:04:39Z,113738,Angelina Jolie,1
sIxjJznFhrA,https://youtu.be/sIxjJznFhrA,Angelina Jolie & Cynthia Erivo | Actors on Actors,Variety,2024-12-12T16:00:46Z,1521937,Angelina Jolie,1
qCsqwdzqSMI,https://youtu.be/qCsqwdzqSMI,Selena Gomez & Saoirse Ronan | Actors on Actors,Variety,2024-12-11T16:00:49Z,1040985,Selena Gomez,1
Mf9pCvwIKKQ,https://youtu.be/Mf9pCvwIKKQ,"""F*** me, cannot do it."" Paul Mescal & Ariana Grande on horror movies like Longlegs #actorsonactors",Variety,2024-12-10T20:00:11Z,111920,Ariana Grande,1
Wzc_SCRIB6M,https://youtu.be/Wzc_SCRIB6M,Ariana Grande & Paul Mescal | Actors on Actors,Variety,2024-12-10T16:00:34Z,1803077,Ariana Grande,1
onpYYOstsLs,https://youtu.be/onpYYOstsLs,Andrew Garfield & Ryan Reynolds | Actors on Actors,Variety,2024-12-09T16:00:48Z,1945610,Ryan Reynolds,1
a7Inn_IA-MA,https://youtu.be/a7Inn_IA-MA,'Wicked' Stars Ariana Grande & Cynthia Erivo Break Down Viral 'Holding Space' Interview,Variety,2024-12-07T00:07:20Z,837330,Ariana Grande,1
j7KA8Ca7sFI,https://youtu.be/j7KA8Ca7sFI,26 Things You Missed Watching 'Wicked',Variety,2024-11-23T15:00:54Z,1074256,Ariana Grande,1
UdWZZjmvuz0,https://youtu.be/UdWZZjmvuz0,Kristin Chenoweth on Seeing Ariana Grande & Cynthia Erivo in 'Wicked' for the First Time,Variety,2024-11-10T04:18:04Z,167473,Ariana Grande,1
M49mQ5FB8To,https://youtu.be/M49mQ5FB8To,Does John Turturro Know His Lines?,Variety,2024-11-05T17:07:43Z,102602,Martin Scorsese,1
tpCRAH9RaKY,https://youtu.be/tpCRAH9RaKY,Does Zoe Salda√±a Know Lines From Her Biggest Movies?,Variety,2024-10-21T15:01:03Z,102823,Britney Spears,1
PunuKQIKgH0,https://youtu.be/PunuKQIKgH0,"Ariana Grande on the Wicked poster that Cynthia Erivo criticized: ""It's very complicated""",Variety,2024-10-20T01:56:37Z,110954,Ariana Grande,1
oaxTKBI8cgE,https://youtu.be/oaxTKBI8cgE,Does Keri Russell Know Lines From Her Most Famous Movies & TV Shows?,Variety,2024-10-16T15:00:57Z,100156,Tom Cruise,1
tLAocAthCJ4,https://youtu.be/tLAocAthCJ4,"Sabrina Carpenter Producer, Jack Antonoff - 'Please Please Please' | Behind the Song",Variety,2024-10-04T15:01:04Z,657820,Sabrina Carpenter,1
6G5pmDRnDts,https://youtu.be/6G5pmDRnDts,Does Sebastian Stan Know Lines From His Most Famous Movies & TV Shows?,Variety,2024-09-19T15:00:05Z,511056,Donald Trump,1
ulZsQzM-in8,https://youtu.be/ulZsQzM-in8,Does Maya Rudolph Know Lines From Her Most Famous Movies and TV Shows?,Variety,2024-09-11T15:01:50Z,108582,Kamala Harris,1
d0cG1hyFhTU,https://youtu.be/d0cG1hyFhTU,Angelina Jolie & Salma Hayek on Finding Transformation Through Conflict in 'Without Blood',Variety,2024-09-09T14:09:20Z,156459,Angelina Jolie,1
38i_eZ3PprE,https://youtu.be/38i_eZ3PprE,"Selena Gomez, Zo√´ Salda√±a & the Cast of 'Emilia P√©rez' on the Film's ""Messy"" Love Story",Variety,2024-09-08T20:07:22Z,142865,Selena Gomez,1
TdEESvaaNpE,https://youtu.be/TdEESvaaNpE,Barry Keoghan on Starring in Sabrina Carpenter's 'Please Please Please' Music Video,Variety,2024-09-07T15:30:14Z,839864,Sabrina Carpenter,1
eef3MAH-rxc,https://youtu.be/eef3MAH-rxc,"Gary Oldman, 'Slow Horses' Crew Crack Up Recalling the Season 3 Bus Crash Scene | Making a Scene",Variety,2024-08-23T19:14:47Z,200484,Will Smith,1
qKsfW32lqpA,https://youtu.be/qKsfW32lqpA,"Sabrina Carpenter on 'Espresso': ""Saying it out loud sounds stupid... when I sing it, it's cool""",Variety,2024-08-14T17:30:06Z,232865,Sabrina Carpenter,1
zZWDWTPqP-k,https://youtu.be/zZWDWTPqP-k,What's in Justin Baldoni's Camera Roll? | Variety,Variety,2024-07-31T15:01:15Z,147773,Blake Lively,1
3_O5F_vWyw0,https://youtu.be/3_O5F_vWyw0,Sebastian Stan & David Harbour react to Robert Downey Jr.'s Dr. Doom reveal at Marvel SDCC,Variety,2024-07-28T22:14:20Z,136988,Robert Downey Jr.,1
wal1hMrlfKI,https://youtu.be/wal1hMrlfKI,Does Iggy Azalea Know the Lyrics to Her Most Famous Songs?,Variety,2024-06-14T14:00:50Z,136593,Ariana Grande,1
QEXGDfP0Y-g,https://youtu.be/QEXGDfP0Y-g,"Jennifer Aniston gets emotional when asked about ""Friends"" for Actors on Actors",Variety,2024-06-06T20:13:30Z,3657441,Jennifer Aniston,1
3iIgcU2sr4I,https://youtu.be/3iIgcU2sr4I,Jennifer Aniston & Quinta Brunson l Actors on Actors,Variety,2024-06-06T15:00:03Z,981683,Jennifer Aniston,1
K2tTBG1Hqm4,https://youtu.be/K2tTBG1Hqm4,Kim Kardashian & Chlo√´ Sevigny | Actors on Actors,Variety,2024-06-05T15:00:24Z,251995,Kim Kardashian,1
Mcfrra9TFS4,https://youtu.be/Mcfrra9TFS4,Would Robert Downey Jr. suit up as Iron Man again? #ActorsonActors,Variety,2024-06-03T17:14:45Z,109456,Robert Downey Jr.,1
BkbQZhQmisg,https://youtu.be/BkbQZhQmisg,Jodie Foster & Robert Downey Jr. | Actors on Actors,Variety,2024-06-03T15:00:07Z,1575914,Robert Downey Jr.,1
KbP-1D3Hi_s,https://youtu.be/KbP-1D3Hi_s,Ryan Gosling & Mikey Day reunite as Beavis & Butt-Head at 'The Fall Guy' premiere,Variety,2024-05-01T14:55:33Z,362755,Ryan Gosling,1
4bNLs1hxVp8,https://youtu.be/4bNLs1hxVp8,"Eminem, 50 Cent & Snoop Dogg Present Dr. Dre with a Star on the Walk of Fame",Variety,2024-03-19T19:34:15Z,1294670,Snoop Dogg,1
3EtUDCJKJXQ,https://youtu.be/3EtUDCJKJXQ,Billie Eilish and Finneas O'Connell Become the Youngest Two-Time Winners in Oscar History,Variety,2024-03-11T02:40:33Z,134986,Billie Eilish,1
mWFUpFJi9WA,https://youtu.be/mWFUpFJi9WA,Brad Pitt recalls his favorite Adam Sandler story for Actors on Actors,Variety,2024-02-21T15:56:30Z,238768,Brad Pitt,1
d0OZJh5yqFA,https://youtu.be/d0OZJh5yqFA,'Oppenheimer' Oscar Winning Cinematographer Hoyte van Hoytema Breaks Down Filming in IMAX B&W,Variety,2024-02-20T16:09:37Z,349341,Robert Downey Jr.,1
Sr2OuF_Ac38,https://youtu.be/Sr2OuF_Ac38,Does Ryan Gosling Know Lines From His Most Famous Movies?,Variety,2024-02-07T16:00:30Z,2051611,Ryan Gosling,1
iH52elhNxXU,https://youtu.be/iH52elhNxXU,Leonardo DiCaprio & Lily Gladstone on Martin Scorsese's obsession with 'Killers of the Flower Moon',Variety,2024-01-26T16:00:27Z,403893,Martin Scorsese,1
VNtdJvWUyc8,https://youtu.be/VNtdJvWUyc8,Does Margot Robbie Know Her Lines from Her Most Famous Movies?,Variety,2024-01-03T16:00:29Z,1256587,Margot Robbie,1
M0TJtU2Y0s0,https://youtu.be/M0TJtU2Y0s0,Dua Lipa & Mark Ronson - 'Dance the Night' for 'Barbie' | Behind the Song,Variety,2023-12-15T17:00:15Z,1304807,Dua Lipa,1
TpvCiu2mRA8,https://youtu.be/TpvCiu2mRA8,Ben Affleck & Michael B Jordan | Directors on Directors,Variety,2023-12-13T18:00:15Z,569241,Ben Affleck,1
ugiqrEEtwBw,https://youtu.be/ugiqrEEtwBw,Margot Robbie asks Cillian Murphy if he‚Äôd ever do a Peaky Blinders spinoff movie #ActorsOnActors,Variety,2023-12-05T18:36:21Z,189862,Margot Robbie,1
MecVr3Bz4o0,https://youtu.be/MecVr3Bz4o0,Cillian Murphy & Margot Robbie | Actors on Actors,Variety,2023-12-05T16:00:17Z,10260002,Margot Robbie,1
0OLBhkKLmUY,https://youtu.be/0OLBhkKLmUY,Robert Downey Jr. & Mark Ruffalo | Actors on Actors,Variety,2023-12-04T16:00:00Z,3201038,Robert Downey Jr.,1
cff-ij1Mf64,https://youtu.be/cff-ij1Mf64,Billie Eilish on Her New Upcoming Album and Opens Up About 'Coming Out' at Variety's Hitmakers,Variety,2023-12-03T07:14:52Z,452500,Billie Eilish,1
zsfPmAgoLPk,https://youtu.be/zsfPmAgoLPk,Ariana Greenblatt Awards Billie Eilish for 'What Was I Made For?' at Variety's Power of Women,Variety,2023-11-21T21:46:33Z,292887,Billie Eilish,1
qym6ts_gzlI,https://youtu.be/qym6ts_gzlI,"Billie Eilish Gives Deeply Emotional Speech: ""I feel grateful for being a woman right now""",Variety,2023-11-17T06:07:04Z,471909,Billie Eilish,1
QLhKZec6WrU,https://youtu.be/QLhKZec6WrU,"""I've spent my life loving girls and being really worried that they hate me"" says Billie Eilish",Variety,2023-11-15T22:42:34Z,2630692,Billie Eilish,1
UAtQgYJI3IU,https://youtu.be/UAtQgYJI3IU,Does Billie Eilish Know Her Lyrics From Her Most Popular Songs?,Variety,2023-11-14T17:00:29Z,2312856,Billie Eilish,1
W0NVjuxVFSY,https://youtu.be/W0NVjuxVFSY,Billie Eilish & FINNEAS - 'What Was I Made For?' for 'Barbie' | Behind the Song,Variety,2023-10-13T17:03:56Z,1009005,Billie Eilish,1
18jotx-vWak,https://youtu.be/18jotx-vWak,Does Michael Mann Know Lines From His Most Famous Movies?,Variety,2023-08-23T15:00:01Z,105547,Tom Cruise,1
6v1LWn9saJk,https://youtu.be/6v1LWn9saJk,Tom Cruise on What He Ate to Prepare for that Motorcycle Stunt in M:I7 & When He's Going to Space,Variety,2023-07-11T00:14:19Z,105361,Tom Cruise,1
XHZN3G77W5Q,https://youtu.be/XHZN3G77W5Q,Jason Segel & Ali Wong | Actors on Actors,Variety,2023-06-16T15:00:32Z,391315,Harrison Ford,1
fzJITRpNQgg,https://youtu.be/fzJITRpNQgg,Theo James & Brett Goldstein | Actors on Actors,Variety,2023-06-14T15:00:33Z,391946,Harrison Ford,1
3yBe5mlj5oc,https://youtu.be/3yBe5mlj5oc,Harrison Ford Reacts to Reporter Calling Him 'Hot' at Indiana Jones Premiere at Cannes,Variety,2023-05-19T18:30:03Z,2109002,Harrison Ford,1
-q62SLpZgTc,https://youtu.be/-q62SLpZgTc,Shigeru Miyamoto Explains Why This 'Super Mario Bros.' Movie Lives Up to Fan Expectations,Variety,2023-04-04T15:00:01Z,404039,Chris Pratt,1
hIDdmbiWsdU,https://youtu.be/hIDdmbiWsdU,NTR Jr. on the 'RRR' Sequel & Why He Feels at Home Attending the Oscars,Variety,2023-03-12T23:09:22Z,1053268,Brad Pitt,1
ec3KRLUVwaQ,https://youtu.be/ec3KRLUVwaQ,Taylor Swift Calms Yelling Photographers Down,Variety,2023-02-06T00:20:11Z,1357224,Taylor Swift,1
JmAgX79Hj14,https://youtu.be/JmAgX79Hj14,"Pamela Anderson on the ""A**holes"" Who Made 'Pam & Tommy' & Finally Taking Control of Her Narrative",Variety,2023-01-26T16:00:10Z,1890760,Elton John,1
1mOLhabXcRM,https://youtu.be/1mOLhabXcRM,Jenna Ortega on 'Wednesday' Season 2 and Lady Gaga doing the dance on TikTok,Variety,2023-01-11T15:38:23Z,604144,Lady Gaga,1
dQMz6fdTyUo,https://youtu.be/dQMz6fdTyUo,The Golden Globes Pre-Show Red Carpet presented by Variety | Official,Variety,2023-01-11T01:13:36Z,279853,Margot Robbie,1
yfePuqHaJlE,https://youtu.be/yfePuqHaJlE,LegalEagle's Devin Stone Answers Criminal Law Questions | Tech Support | WIRED,WIRED,2025-04-15T16:00:08Z,2296437,"Elon Musk,Eric Adams",2
xffRL1DrxyU,https://youtu.be/xffRL1DrxyU,Football Historian Answers Football Questions | Tech Support | WIRED,WIRED,2025-02-04T17:00:09Z,376038,"Patrick Mahomes,Tom Brady",2
vK6fALsenmw,https://youtu.be/vK6fALsenmw,History Professor Answers Dictator Questions | Tech Support | WIRED,WIRED,2025-03-18T16:00:13Z,2869303,Xi Jinping,1
LagpKkQLTIg,https://youtu.be/LagpKkQLTIg,Elon Musk's Empire is Even Bigger Than You Think | On The Grid | WIRED,WIRED,2025-03-07T17:00:07Z,100492,Elon Musk,1
oZZ195zWCjA,https://youtu.be/oZZ195zWCjA,Presidential Historian Answers Presidency Questions | Tech Support | WIRED,WIRED,2025-01-14T17:00:11Z,1667744,Donald Trump,1
CMLiMsjwBWI,https://youtu.be/CMLiMsjwBWI,"Tim Cook Discusses The Past, Present, and Future of Apple | WIRED",WIRED,2024-12-04T17:00:02Z,155153,Tim Cook,1
NfRChrkVGPw,https://youtu.be/NfRChrkVGPw,Selena Gomez & Zoe Salda√±a Answer The Web's Most Searched Questions | WIRED,WIRED,2024-11-15T17:00:04Z,555787,Selena Gomez,1
Pco7RL6Anow,https://youtu.be/Pco7RL6Anow,Charlie Puth Answers The Web's Most Searched Questions | WIRED,WIRED,2024-10-17T16:00:11Z,142699,Taylor Swift,1
u9-cjwpthz4,https://youtu.be/u9-cjwpthz4,Kamala Harris Answers The Web's Most Searched Questions | WIRED,WIRED,2024-09-20T12:00:02Z,2780009,Kamala Harris,1
2RPhn1qkfF4,https://youtu.be/2RPhn1qkfF4,'Transformers One' Cast Answer 50 of the Most Googled Transformers Questions | WIRED,WIRED,2024-09-19T16:00:19Z,690357,Chris Hemsworth,1
pqpWc9Rps2Y,https://youtu.be/pqpWc9Rps2Y,Jeremy Renner Answers The Web's Most Searched Questions | WIRED,WIRED,2024-07-25T16:00:17Z,300156,Jeremy Renner,1
-a6fAA027Eg,https://youtu.be/-a6fAA027Eg,Joey King Answers The Web's Most Searched Questions | WIRED,WIRED,2024-06-26T16:00:15Z,164820,Taylor Swift,1
xe7sV0RU210,https://youtu.be/xe7sV0RU210,Anya Taylor-Joy & Chris Hemsworth Answer The Web's Most Searched Questions | WIRED,WIRED,2024-05-23T16:00:04Z,1523468,Chris Hemsworth,1
Yah1iFnztGs,https://youtu.be/Yah1iFnztGs,Is Oppenheimer Christopher Nolan's Best Movie?,WIRED,2024-03-08T21:00:01Z,338184,Robert Downey Jr.,1
Shk5tazUXOc,https://youtu.be/Shk5tazUXOc,Jennifer Lawrence Was Discovered In The Streets,WIRED,2023-11-28T16:50:02Z,1724928,Chris Pratt,1
yeJIJ5SJtvI,https://youtu.be/yeJIJ5SJtvI,Sports Statistician Answers Sports Math Questions From Twitter | Tech Support | WIRED,WIRED,2023-10-17T16:00:09Z,715228,Michael Jordan,1
Gztk0RtT5zE,https://youtu.be/Gztk0RtT5zE,"Was that an 'I love you' we heard, Olivia Rodrigo?",WIRED,2023-09-15T20:15:02Z,279316,Olivia Rodrigo,1
K7_3Z-MDqjE,https://youtu.be/K7_3Z-MDqjE,Olivia Rodrigo's Most Streamed Song,WIRED,2023-09-15T20:00:05Z,370231,Olivia Rodrigo,1
sBVScOHVDlo,https://youtu.be/sBVScOHVDlo,How To Draw Olivia Rodrigo (By Olivia Rodrigo),WIRED,2023-09-14T19:00:03Z,127072,Olivia Rodrigo,1
759TLHccXPQ,https://youtu.be/759TLHccXPQ,Are Olivia Rodrigo & Jenna Ortega Friends?,WIRED,2023-09-14T17:45:03Z,157625,Olivia Rodrigo,1
xhbkuf1pNFA,https://youtu.be/xhbkuf1pNFA,Olivia Rodrigo Answers The Web's Most Searched Questions | WIRED,WIRED,2023-09-14T16:00:14Z,3423219,Olivia Rodrigo,1
ndt47HY0Mew,https://youtu.be/ndt47HY0Mew,Alia Bhatt Teaches Gal Gadot A Telugu Phrase,WIRED,2023-08-09T18:00:03Z,2773487,Alia Bhatt,1
m4VYnVsGEmk,https://youtu.be/m4VYnVsGEmk,How Tall is Gal Gadot?,WIRED,2023-08-09T16:00:05Z,2213625,Alia Bhatt,1
IVVI1opH5cM,https://youtu.be/IVVI1opH5cM,Alia Bhatt's Resting Unhappy Face Is A LIE,WIRED,2023-08-09T14:00:04Z,1549772,Alia Bhatt,1
LSHwRwHkBeo,https://youtu.be/LSHwRwHkBeo,Alia Bhatt Learned The 'Naatu Naatu' Step,WIRED,2023-08-08T20:45:01Z,11052433,Alia Bhatt,1
6UcKQdLpA3c,https://youtu.be/6UcKQdLpA3c,Jamie Dornan's Muscular Calves On Display,WIRED,2023-08-08T20:30:01Z,282712,Alia Bhatt,1
I80_YFeKWuc,https://youtu.be/I80_YFeKWuc,"Gal Gadot, Alia Bhatt & Jamie Dornan Answer The Web's Most Searched Questions | WIRED",WIRED,2023-08-07T16:00:12Z,3729206,Alia Bhatt,1
Igc6PIpbe4Q,https://youtu.be/Igc6PIpbe4Q,'Avengers' Cast Tattoos From First To Last,WIRED,2023-07-20T21:30:01Z,379337,Robert Downey Jr.,1
fez7X_oevNs,https://youtu.be/fez7X_oevNs,Robert Downey Jr. & Christopher Nolan Answer The Web's Most Searched Questions | WIRED,WIRED,2023-07-20T16:00:10Z,8431407,Robert Downey Jr.,1
AF9cFOceyR0,https://youtu.be/AF9cFOceyR0,"Margot Robbie's Most Popular Questions, Answered",WIRED,2023-07-19T18:50:25Z,137409,Margot Robbie,1
ZrlnnCks3lE,https://youtu.be/ZrlnnCks3lE,Where Does Ana de Armas Live? It's Complicated,WIRED,2023-07-13T21:00:03Z,416213,Chris Evans,1
apwlR-4S5hw,https://youtu.be/apwlR-4S5hw,Can Tom Do It? Yes He Can!,WIRED,2023-07-12T20:43:06Z,120081,Tom Cruise,1
7C5uSSsQdlI,https://youtu.be/7C5uSSsQdlI,Tom Cruise: Why I Started Acting & Do My Own Stunts,WIRED,2023-07-12T19:24:39Z,123796,Tom Cruise,1
FVlEaCrC3IM,https://youtu.be/FVlEaCrC3IM,Why The Average Human Couldn't Drive An F1 Car | WIRED,WIRED,2023-07-06T16:03:49Z,1718130,Lewis Hamilton,1
lcGjE3CT4Ok,https://youtu.be/lcGjE3CT4Ok,Mark Hamill's Viral Harrison Ford Impression,WIRED,2023-06-21T18:16:01Z,125145,Harrison Ford,1
q2Ci8YMMfqc,https://youtu.be/q2Ci8YMMfqc,Chris Hemsworth's Tattoos Suit His Vibe Perfectly,WIRED,2023-06-14T18:46:57Z,344001,Chris Hemsworth,1
djnz7ISa7FA,https://youtu.be/djnz7ISa7FA,Chris Hemsworth Tanked His Thor Audition,WIRED,2023-06-07T20:55:14Z,231625,Chris Hemsworth,1
arS9rU3qBp4,https://youtu.be/arS9rU3qBp4,Does Jake Gyllenhaal Do His Own Stunts?,WIRED,2023-05-24T13:01:02Z,204523,Ryan Reynolds,1
vMq3nEtxyyE,https://youtu.be/vMq3nEtxyyE,Are Aubrey Plaza & Chris Pratt Still Friends?,WIRED,2023-05-17T13:00:04Z,2737440,Chris Pratt,1
T4TNZs4F9ws,https://youtu.be/T4TNZs4F9ws,Dua Lipa Reveals How Tall She Actually Is,WIRED,2023-05-03T19:15:00Z,5580028,Dua Lipa,1
z2nj3IkFlhI,https://youtu.be/z2nj3IkFlhI,The Dark History Behind Blake Lively's Name,WIRED,2023-05-01T13:00:04Z,732459,Blake Lively,1
4oxqKV2dQP0,https://youtu.be/4oxqKV2dQP0,"Chris Evans Got ""Lucky"" Getting Captain America Role",WIRED,2023-04-24T16:00:06Z,187657,Chris Evans,1
1aqTlXqfc28,https://youtu.be/1aqTlXqfc28,Ana de Armas Shows Off Her Tattoos,WIRED,2023-04-24T13:00:02Z,12430592,Chris Evans,1
JUSELxessnU,https://youtu.be/JUSELxessnU,Chris Evans & Ana de Armas Answer the Web's Most Searched Questions | WIRED,WIRED,2023-04-20T16:00:20Z,3661421,Chris Evans,1
riEDjQBpz84,https://youtu.be/riEDjQBpz84,Chlo√´ Grace Moretz's British Accent Tricked Martin Scorsese,WIRED,2023-04-14T13:00:03Z,346187,Martin Scorsese,1
dkLhne9SbcU,https://youtu.be/dkLhne9SbcU,Are Sabrina Carpenter & Joey King RELATED?,WIRED,2023-03-29T13:48:26Z,604523,Sabrina Carpenter,1
GYNMk-4OvF0,https://youtu.be/GYNMk-4OvF0,"Did Margot Robbie Actually Skate in ""I, Tonya""?",WIRED,2023-02-13T14:00:02Z,388739,Margot Robbie,1
sBv2IPFwZLI,https://youtu.be/sBv2IPFwZLI,"Ryan Reynolds & Jake Gyllenhaal: Is Ryan Reynolds ""Mean""?",WIRED,2023-02-06T19:44:08Z,195170,Ryan Reynolds,1
R7m-WcOe5w8,https://youtu.be/R7m-WcOe5w8,Michael B. Jordan Is TECHNICALLY Related to Michael Jordan,WIRED,2023-02-02T14:00:07Z,296316,Michael Jordan,1
dhq2WPLKiuY,https://youtu.be/dhq2WPLKiuY,Rocket Scientists Answer Questions From Twitter | Tech Support | WIRED,WIRED,2023-01-31T17:00:06Z,183735,Elon Musk,1
zqWve97WOec,https://youtu.be/zqWve97WOec,True Fact: Chris Evans Is Filled With Jelly Beans,WIRED,2023-01-31T14:00:04Z,123912,Chris Evans,1
5SqFknkgg2I,https://youtu.be/5SqFknkgg2I,"Wait, Is Matt Damon Related to Ben Affleck?",WIRED,2023-01-27T14:00:04Z,126767,Ben Affleck,1
yDGsu19JbsE,https://youtu.be/yDGsu19JbsE,Sabrina Carpenter on Her Harry Potter Fandom,WIRED,2023-01-22T14:00:03Z,302486,Sabrina Carpenter,1
pkiP5NXTks0,https://youtu.be/pkiP5NXTks0,Does Ben Affleck Have Aflac Insurance?,WIRED,2023-01-21T14:00:03Z,272372,Ben Affleck,1
iIUWucnYeas,https://youtu.be/iIUWucnYeas,Dua Lipa Explains How She Was Discovered,WIRED,2023-01-06T14:00:04Z,1669533,Dua Lipa,1
vdkd6wgbzhI,https://youtu.be/vdkd6wgbzhI,Saoirse Ronan Explains How to Pronounce Her Name,WIRED,2023-01-01T14:00:02Z,3781369,Margot Robbie,1
